                  epoch,         train/box_loss,         train/cls_loss,         train/dfl_loss,   metrics/precision(B),      metrics/recall(B),       metrics/mAP50(B),    metrics/mAP50-95(B),           val/box_loss,           val/cls_loss,           val/dfl_loss,                 lr/pg0,                 lr/pg1,                 lr/pg2
                      1,                 1.7199,                  2.487,                 1.4423,                0.68102,                0.13448,                 0.3844,                 0.2119,                 1.6386,                 2.7499,                 1.3782,              0.0004662,              0.0004662,              0.0004662
                      2,                 1.6447,                 1.9335,                 1.4416,                0.61856,                 0.4289,                0.44335,                0.25114,                 1.6539,                 2.1173,                 1.5364,             0.00092387,             0.00092387,             0.00092387
